﻿<?xml version="1.0" encoding="utf-8"?>
<OrleansConfiguration xmlns="urn:orleans">
  <Globals>
    <SeedNode Address="localhost" Port="11111" />
    <StorageProviders>
      <Provider Type="Orleans.Storage.MemoryStorage" Name="Default" />
      <Provider Type="Orleans.Storage.MemoryStorage" Name="PubSubStore" />
    </StorageProviders>
    <StreamProviders>
      <Provider Type="Orleans.Providers.Streams.SimpleMessageStream.SimpleMessageStreamProvider" Name="SMS"/>
    </StreamProviders>
  </Globals>
  <Defaults>
    <Networking Address="localhost" Port="11111" />
    <ProxyingGateway Address="localhost" Port="30000" />
  </Defaults>
</OrleansConfiguration>