{
    "$schema": "https://schema.management.azure.com/schemas/2015-01-01/deploymentParameters.json#",
    "contentVersion": "1.0.0.0",
    "parameters": {
        "location": {
            "value": "eastus2"
        },
        "virtualMachineName": {
            "value": "piraeusvm"
        },
        "virtualMachineSize": {
            "value": "Standard_D4s_v3"
        },
        "adminUsername": {
            "value": "azueruser"
        },
        "virtualNetworkName": {
            "value": "SampleX-vnet"
        },
        "networkInterfaceName": {
            "value": "piraeusvm374"
        },
        "networkSecurityGroupName": {
            "value": "piraeusvm-nsg"
        },
        "adminPassword": {
            "value": null
        },
        "diagnosticsStorageAccountName": {
            "value": "samplexdiag844"
        },
        "diagnosticsStorageAccountType": {
            "value": "Standard_LRS"
        },
        "diagnosticsStorageAccountId": {
            "value": "Microsoft.Storage/storageAccounts/samplexdiag844"
        },
        "addressPrefix": {
            "value": "10.0.0.0/24"
        },
        "subnetName": {
            "value": "default"
        },
        "subnetPrefix": {
            "value": "10.0.0.0/24"
        },
        "publicIpAddressName": {
            "value": "piraeusvm-ip"
        },
        "publicIpAddressType": {
            "value": "Dynamic"
        },
        "publicIpAddressSku": {
            "value": "Basic"
        }
    }
}