<?xml version="1.0" encoding="utf-8"?>
<OrleansConfiguration xmlns="urn:orleans">
  <Globals>
    
    <Liveness LivenessType="AzureTable" />
    
    <!--Use a unique GUID for this service-->
    <SystemStore ServiceId="e4e5a6c1-6186-4418-8267-ef1728399209"/>

    <!--Run this cluster as part of a multi-cluster -->
    <MultiClusterNetwork
      
             DefaultMultiCluster="Deployment1,Deployment2,Deployment3"
             ClusterId="IS_CONFIGURED_IN_WorkerRole.cs">
     
      <!--Use a single Gossip Channel for simplicity. 
      For realistic deployments, use multiple channels in different datacenters.-->
      <GossipChannel Type="AzureTable" ConnectionString="UseDevelopmentStorage=true" />
      
    </MultiClusterNetwork>
    
  </Globals>
  <Defaults>
    <Tracing DefaultTraceLevel="Info" TraceToConsole="false" TraceToFile="{0}-{1}.log" PropagateActivityId="false" WriteMessagingTraces="false" BulkMessageLimit="1000">
      <!--
      <TraceLevelOverride LogPrefix="Runtime.MembershipOracle" TraceLevel="Verbose" />
      <TraceLevelOverride LogPrefix="Runtime.Dispatcher" TraceLevel="Verbose2" />
      <TraceLevelOverride LogPrefix="Runtime.Message" TraceLevel="Verbose" />
      <TraceLevelOverride LogPrefix="Runtime.Catalog" TraceLevel="Verbose" />
      <TraceLevelOverride LogPrefix="GrainAssemblyLoader" TraceLevel="Warning" />
      <TraceLevelOverride LogPrefix="Runtime.Dispatcher" TraceLevel="Verbose2" />
      <TraceLevelOverride LogPrefix="Runtime.Message" TraceLevel="Verbose" />
      <TraceLevelOverride LogPrefix="Runtime.Catalog" TraceLevel="Verbose" />
      <TraceLevelOverride LogPrefix="Runtime.MultiClusterOracle" TraceLevel="Verbose" />
      <TraceLevelOverride LogPrefix="Runtime.Orleans.GrainDirectory.LocalGrainDirectory" TraceLevel="Verbose" />
      <TraceLevelOverride LogPrefix="Replication" TraceLevel="Verbose2" />
      -->
    </Tracing>
  </Defaults>
</OrleansConfiguration>
