<?xml version="1.0" encoding="utf-8"?>
<OrleansConfiguration xmlns="urn:orleans">
  <Globals>
    <Liveness LivenessType="AzureTable" />
    <StorageProviders>
      <!-- Set this to a globally shared storage account before deploying to cloud -->
      <Provider Type="Orleans.Storage.AzureTableStorage" Name="GloballySharedAzureAccount" DataConnectionString="UseDevelopmentStorage=true" />
      <!--<Provider Type="Orleans.Storage.AzureTableStorage" Name="GloballySharedAzureAccount" DataConnectionString="DefaultEndpointsProtocol=https;AccountName=MYACCOUNTNAME;AccountKey=MYACCOUNTKEY" />-->
    </StorageProviders>
    
    <!--Use a unique GUID for this service-->
    <SystemStore ServiceId="a25d00dd-c328-48d3-b264-7c97684b63f8"/>

    <!--Run this cluster as part of a multi-cluster -->
    <MultiClusterNetwork
      
             DefaultMultiCluster="Deployment1,Deployment2,Deployment3"
             ClusterId="IS_CONFIGURED_IN_WorkerRole.cs">

      <!--Use a single Gossip Channel for simplicity. 
      For realistic deployments, use multiple channels in different datacenters.-->
      <GossipChannel Type="AzureTable" ConnectionString="UseDevelopmentStorage=true" />

    </MultiClusterNetwork>
    
  </Globals>
  <Defaults>
    <Tracing DefaultTraceLevel="Info" TraceToConsole="false" TraceToFile="{0}-{1}.log" PropagateActivityId="false" WriteMessagingTraces="false" BulkMessageLimit="1000">
      <!--
      <TraceLevelOverride LogPrefix="Runtime.MembershipOracle" TraceLevel="Verbose" />
      <TraceLevelOverride LogPrefix="Runtime.Dispatcher" TraceLevel="Verbose2" />
      <TraceLevelOverride LogPrefix="Runtime.Message" TraceLevel="Verbose" />
      <TraceLevelOverride LogPrefix="Runtime.Catalog" TraceLevel="Verbose" />
      <TraceLevelOverride LogPrefix="GrainAssemblyLoader" TraceLevel="Warning" />
      <TraceLevelOverride LogPrefix="Runtime.Dispatcher" TraceLevel="Verbose2" />
      <TraceLevelOverride LogPrefix="Runtime.Message" TraceLevel="Verbose" />
      <TraceLevelOverride LogPrefix="Runtime.Catalog" TraceLevel="Verbose" />
      <TraceLevelOverride LogPrefix="Runtime.MultiClusterOracle" TraceLevel="Verbose" />
      <TraceLevelOverride LogPrefix="Runtime.Orleans.GrainDirectory.LocalGrainDirectory" TraceLevel="Verbose" />
      <TraceLevelOverride LogPrefix="Replication" TraceLevel="Verbose2" />
      -->
    </Tracing>
  </Defaults>
</OrleansConfiguration>
