<?xml version="1.0" encoding="utf-8"?>
<OrleansConfiguration xmlns="urn:orleans">
  <Globals>
    <Liveness LivenessType="AzureTable" />
     
    <!--Use a logview provider with custom storage interface-->
    <LogConsistencyProviders>
      <Provider Type="Orleans.EventSourcing.CustomStorage.LogConsistencyProvider" Name="CustomStorage" PrimaryCluster="Back" />
    </LogConsistencyProviders>

    <!--Use a unique GUID for this service-->
    <SystemStore ServiceId="b0470de7-3697-42d6-9934-8bbc966a6aeb"/>

    <!--Run this cluster as part of a multi-cluster -->
    <MultiClusterNetwork
      
             DefaultMultiCluster="Front1,Front2,Back"
             ClusterId="IS_CONFIGURED_IN_WorkerRole.cs">

      <!--Use a single Gossip Channel for simplicity. 
      For realistic deployments, use multiple channels in different datacenters.-->
      <GossipChannel Type="AzureTable" ConnectionString="UseDevelopmentStorage=true" />

    </MultiClusterNetwork>
  </Globals>
  <Defaults>
    <Tracing DefaultTraceLevel="Info" TraceToConsole="false" TraceToFile="{0}-{1}.log" PropagateActivityId="false" WriteMessagingTraces="false" BulkMessageLimit="1000">
      <!--
      <TraceLevelOverride LogPrefix="Runtime.MembershipOracle" TraceLevel="Verbose" />
      <TraceLevelOverride LogPrefix="Runtime.Dispatcher" TraceLevel="Verbose2" />
      <TraceLevelOverride LogPrefix="Runtime.Message" TraceLevel="Verbose" />
      <TraceLevelOverride LogPrefix="Runtime.Catalog" TraceLevel="Verbose" />
      <TraceLevelOverride LogPrefix="GrainAssemblyLoader" TraceLevel="Warning" />
      <TraceLevelOverride LogPrefix="Runtime.Dispatcher" TraceLevel="Verbose2" />
      <TraceLevelOverride LogPrefix="Runtime.Message" TraceLevel="Verbose" />
      <TraceLevelOverride LogPrefix="Runtime.Catalog" TraceLevel="Verbose" />
      <TraceLevelOverride LogPrefix="Runtime.MultiClusterOracle" TraceLevel="Verbose" />
      <TraceLevelOverride LogPrefix="Runtime.Orleans.GrainDirectory.LocalGrainDirectory" TraceLevel="Verbose" />
      <TraceLevelOverride LogPrefix="Replication" TraceLevel="Verbose2" />
      -->
    </Tracing>
  </Defaults>
</OrleansConfiguration>
